zip_code,population,median_income,renter_rate,median_age,area_sq_miles,tract_count,population_density,competitor_count,avg_rating,total_reviews
00602,9427,36467.0,0.7734551849588612,35.0,3.0,3,3142.3333333333335,0.0,0.0,0.0
00603,6601,21275.0,0.9299894870376374,35.0,3.0,3,2200.3333333333335,0.0,0.0,0.0
00610,17208,71948.0,0.3778441674707446,35.0,3.0,3,5736.0,0.0,0.0,0.0
00612,31793,48297.0,0.6015192315202775,35.0,10.0,10,3179.3,0.0,0.0,0.0
00623,17462,49719.5,0.43796130713642645,35.0,4.0,4,4365.5,0.0,0.0,0.0
00624,12824,78614.0,0.17417527139513436,35.0,4.0,4,3206.0,0.0,0.0,0.0
00627,6116,108320.0,0.6326307144812483,35.0,1.0,1,6116.0,0.0,0.0,0.0
00641,2386,125581.0,0.4838998211091234,35.0,1.0,1,2386.0,0.0,0.0,0.0
00653,2546,119000.0,0.2076446280991735,35.0,1.0,1,2546.0,0.0,0.0,0.0
00656,11003,105819.0,0.21109201857722132,35.0,2.0,2,5501.5,0.0,0.0,0.0
00659,9202,73508.0,0.6729567973634749,35.0,3.0,3,3067.3333333333335,0.0,0.0,0.0
00660,19034,55845.0,0.3034336441441733,35.0,3.0,3,6344.666666666667,0.0,0.0,0.0
00662,9186,51605.0,0.744180644559037,35.0,4.0,4,2296.5,0.0,0.0,0.0
00674,11783,63668.5,0.3259379245814943,35.0,4.0,4,2945.75,0.0,0.0,0.0
00676,3836,27879.5,0.8237465069403087,35.0,2.0,2,1918.0,0.0,0.0,0.0
00678,3969,128000.0,0.3577827547592385,35.0,1.0,1,3969.0,0.0,0.0,0.0
00680,31162,132903.0,0.5423424954567679,35.0,5.0,5,6232.4,0.0,0.0,0.0
00682,5836,157112.0,0.554031994776363,35.0,1.0,1,5836.0,0.0,0.0,0.0
00683,13208,68788.0,0.33536936725230654,35.0,4.0,4,3302.0,0.0,0.0,0.0
00687,5642,50375.0,0.347096535469807,35.0,2.0,2,2821.0,0.0,0.0,0.0
00692,2824,70197.0,0.1873226111636707,35.0,1.0,1,2824.0,0.0,0.0,0.0
00693,8210,86719.0,0.06906851166893214,35.0,2.0,2,4105.0,0.0,0.0,0.0
00698,2790,104009.0,0.2028869286287089,35.0,1.0,1,2790.0,0.0,0.0,0.0
00703,6634,65389.5,0.5298924218641344,35.0,4.0,4,1658.5,0.0,0.0,0.0
00705,24853,49327.0,0.3720605845299222,35.0,5.0,5,4970.6,0.0,0.0,0.0
00716,9965,211964.0,0.4679311083942454,35.0,3.0,3,3321.6666666666665,0.0,0.0,0.0
00717,11605,118878.0,0.5045671676908146,35.0,3.0,3,3868.3333333333335,0.0,0.0,0.0
00718,14752,94395.0,0.17888250572295344,35.0,4.0,4,3688.0,0.0,0.0,0.0
00719,10318,49890.5,0.29013705614659907,35.0,2.0,2,5159.0,0.0,0.0,0.0
00720,1720,35865.0,0.6131147540983607,35.0,1.0,1,1720.0,0.0,0.0,0.0
00725,8101,66488.0,0.4400025586466264,35.0,2.0,2,4050.5,0.0,0.0,0.0
00729,16261,117240.0,0.14714570133358454,35.0,3.0,3,5420.333333333333,0.0,0.0,0.0
00730,4525,202115.0,0.5150602409638554,35.0,1.0,1,4525.0,0.0,0.0,0.0
00735,5171,72325.0,0.5297477391718229,35.0,1.0,1,5171.0,0.0,0.0,0.0
00736,11523,39102.0,0.7334388172405986,35.0,7.0,7,1646.142857142857,0.0,0.0,0.0
00738,7263,91038.0,0.4318181818181818,35.0,1.0,1,7263.0,0.0,0.0,0.0
00739,3787,166543.5,0.42109329631355813,35.0,2.0,2,1893.5,0.0,0.0,0.0
00741,6544,83920.0,0.3416742493175614,35.0,1.0,1,6544.0,0.0,0.0,0.0
00745,6585,85130.5,0.37150894112919425,35.0,2.0,2,3292.5,0.0,0.0,0.0
00754,1998,100461.0,0.5908584169453734,35.0,1.0,1,1998.0,0.0,0.0,0.0
00766,9542,116406.0,0.2989291565179663,35.0,3.0,3,3180.6666666666665,0.0,0.0,0.0
00771,3231,71108.0,0.4793912492073557,35.0,1.0,1,3231.0,0.0,0.0,0.0
00772,4501,81250.0,0.3267532467532467,35.0,1.0,1,4501.0,0.0,0.0,0.0
00777,1831,38451.0,0.5551232166018158,35.0,1.0,1,1831.0,0.0,0.0,0.0
00778,6685,85397.0,0.5552091625862877,35.0,2.0,2,3342.5,0.0,0.0,0.0
00783,7755,53574.0,0.44007984321328,35.0,3.0,3,2585.0,0.0,0.0,0.0
00784,1380,19717.0,0.896,35.0,1.0,1,1380.0,0.0,0.0,0.0
00795,17703,35708.0,0.6027545550241342,35.0,4.0,4,4425.75,0.0,0.0,0.0
00926,10930,56072.0,0.6915054248829104,35.0,2.0,2,5465.0,0.0,0.0,0.0
00934,3517,50696.0,0.6770884220810943,35.0,1.0,1,3517.0,0.0,0.0,0.0
00949,23809,111750.0,0.24218889802286805,35.0,5.0,5,4761.8,0.0,0.0,0.0
00956,27277,75093.0,0.6272893045942708,35.0,6.0,6,4546.166666666667,0.0,0.0,0.0
00957,14279,51286.5,0.6825629928293168,35.0,4.0,4,3569.75,0.0,0.0,0.0
00959,5554,91406.0,0.52,35.0,1.0,1,5554.0,0.0,0.0,0.0
00961,5201,84205.0,0.3715437788018433,35.0,1.0,1,5201.0,0.0,0.0,0.0
00969,2006,79803.0,0.6546700942587832,35.0,1.0,1,2006.0,0.0,0.0,0.0
00985,3688,117313.0,0.4946919739331185,35.0,2.0,2,1844.0,0.0,0.0,0.0
01002,9816,82331.5,0.38008661633869195,35.0,2.0,2,4908.0,0.0,0.0,0.0
01010,12283,64464.0,0.5344878825758669,35.0,3.0,3,4094.3333333333335,0.0,0.0,0.0
01013,28092,94970.0,0.15809617875731655,35.0,6.0,6,4682.0,0.0,0.0,0.0
01020,7291,156518.0,0.334424194690089,35.0,2.0,2,3645.5,0.0,0.0,0.0
01027,12900,89177.0,0.16003185726614114,35.0,3.0,3,4300.0,0.0,0.0,0.0
01028,5721,179425.0,0.0257611241217798,35.0,1.0,1,5721.0,0.0,0.0,0.0
01033,5853,51806.0,0.662755323772273,35.0,1.0,1,5853.0,0.0,0.0,0.0
01036,6298,73393.0,0.3997071742313323,35.0,1.0,1,6298.0,0.0,0.0,0.0
01038,1266,28173.0,0.7189292543021033,35.0,1.0,1,1266.0,0.0,0.0,0.0
01039,1577,105500.0,0.5755208333333334,35.0,1.0,1,1577.0,0.0,0.0,0.0
01040,23705,86393.0,0.25700776890590765,35.0,4.0,4,5926.25,0.0,0.0,0.0
01050,4545,94943.0,0.0509633312616532,35.0,1.0,1,4545.0,0.0,0.0,0.0
01057,7615,63053.0,0.592731931120777,35.0,2.0,2,3807.5,0.0,0.0,0.0
01060,4299,56841.0,0.2548505506030414,35.0,1.0,1,4299.0,0.0,0.0,0.0
01070,4011,93576.0,0.5194666666666666,35.0,1.0,1,4011.0,0.0,0.0,0.0
01073,3427,71310.0,0.578689528475199,35.0,1.0,1,3427.0,0.0,0.0,0.0
01075,10183,60396.0,0.3664925342913506,35.0,2.0,2,5091.5,0.0,0.0,0.0
01085,3588,72269.0,0.5805263157894737,35.0,1.0,1,3588.0,0.0,0.0,0.0
01103,11810,191319.0,0.06016793062150954,35.0,3.0,3,3936.6666666666665,0.0,0.0,0.0
01104,11629,142500.0,0.14609715475112106,35.0,3.0,3,3876.3333333333335,0.0,0.0,0.0
01105,10403,136692.5,0.16136954525268285,35.0,2.0,2,5201.5,0.0,0.0,0.0
01106,3292,48958.0,0.6379137412236711,35.0,1.0,1,3292.0,0.0,0.0,0.0
01107,2389,250001.0,0.0299319727891156,35.0,1.0,1,2389.0,0.0,0.0,0.0
01108,10707,144819.0,0.31030613644358224,35.0,2.0,2,5353.5,0.0,0.0,0.0
01109,4423,98328.0,0.2542027508914926,35.0,1.0,1,4423.0,0.0,0.0,0.0
01129,3781,68594.0,0.6526172671651937,35.0,1.0,1,3781.0,0.0,0.0,0.0
01360,3063,86979.0,0.4038294168842471,35.0,1.0,1,3063.0,0.0,0.0,0.0
01420,8995,50555.5,0.5741934833034481,35.0,4.0,4,2248.75,0.0,0.0,0.0
01430,3874,78803.0,0.1304347826086956,35.0,1.0,1,3874.0,0.0,0.0,0.0
01452,3370,151613.0,0.0098743267504488,35.0,1.0,1,3370.0,0.0,0.0,0.0
01525,3141,75250.0,0.3704735376044568,35.0,1.0,1,3141.0,0.0,0.0,0.0
01534,3636,52109.0,0.2351387054161162,35.0,1.0,1,3636.0,0.0,0.0,0.0
01602,2288,54531.0,0.1698352344740177,35.0,1.0,1,2288.0,0.0,0.0,0.0
01605,7623,68602.0,0.2334214312146778,35.0,2.0,2,3811.5,0.0,0.0,0.0
01748,5429,162021.0,0.7947409733124019,35.0,1.0,1,5429.0,0.0,0.0,0.0
01810,5399,30341.0,0.8201149425287356,35.0,1.0,1,5399.0,0.0,0.0,0.0
01826,7020,47255.0,0.6191556967771221,35.0,1.0,1,7020.0,0.0,0.0,0.0
01830,1232,45857.0,0.7231182795698925,35.0,1.0,1,1232.0,0.0,0.0,0.0
01832,1351,19417.0,0.6314553990610329,35.0,1.0,1,1351.0,0.0,0.0,0.0
01835,2268,45086.0,0.7323498419388831,35.0,1.0,1,2268.0,0.0,0.0,0.0
01840,14459,39498.5,0.5580996904048875,35.0,4.0,4,3614.75,0.0,0.0,0.0
01841,18907,38350.0,0.6418825695583551,35.0,5.0,5,3781.4,0.0,0.0,0.0
01843,5747,44090.0,0.6156627426998931,35.0,2.0,2,2873.5,0.0,0.0,0.0
01844,8203,44573.0,0.6865774067448759,35.0,2.0,2,4101.5,0.0,0.0,0.0
01851,1354,62647.0,0.8366666666666667,35.0,1.0,1,1354.0,0.0,0.0,0.0
01864,14628,145008.0,0.41697171961624124,35.0,2.0,2,7314.0,0.0,0.0,0.0
01923,1142,96579.0,0.6045454545454545,35.0,1.0,1,1142.0,0.0,0.0,0.0
01930,16792,87478.0,0.6520278811434643,35.0,5.0,5,3358.4,0.0,0.0,0.0
01960,6898,101435.0,0.5010021089807812,35.0,2.0,2,3449.0,0.0,0.0,0.0
02032,1643,111058.0,0.4028314028314028,35.0,1.0,1,1643.0,0.0,0.0,0.0
02108,2980,92641.0,0.6267087276550999,35.0,1.0,1,2980.0,0.0,0.0,0.0
02109,9166,103259.0,0.5764320717765826,35.0,2.0,2,4583.0,0.0,0.0,0.0
02111,1439,78125.0,0.9379982285208148,35.0,1.0,1,1439.0,0.0,0.0,0.0
02114,5432,73539.0,0.2943566591422122,35.0,1.0,1,5432.0,0.0,0.0,0.0
02115,16206,68336.0,0.5755614865250687,35.0,3.0,3,5402.0,0.0,0.0,0.0
02116,12083,160000.0,0.5331691229956665,35.0,3.0,3,4027.6666666666665,0.0,0.0,0.0
02119,4906,151626.0,0.4763744427934621,35.0,1.0,1,4906.0,0.0,0.0,0.0
02121,11402,119421.0,0.18815413561724456,35.0,3.0,3,3800.6666666666665,0.0,0.0,0.0
02124,18151,109111.0,0.22231618803621603,35.0,3.0,3,6050.333333333333,0.0,0.0,0.0
02126,5911,93036.0,0.2071428571428571,35.0,1.0,1,5911.0,0.0,0.0,0.0
02127,13481,108519.5,0.5965540004367068,35.0,4.0,4,3370.25,0.0,0.0,0.0
02128,16857,163625.0,0.4071724571987832,35.0,5.0,5,3371.4,0.0,0.0,0.0
02129,3431,107083.0,0.4091218515997277,35.0,1.0,1,3431.0,0.0,0.0,0.0
02131,8630,86330.0,0.34712025359654086,35.0,2.0,2,4315.0,0.0,0.0,0.0
02139,946,63235.0,0.9263157894736842,35.0,1.0,1,946.0,0.0,0.0,0.0
02144,1777,22292.0,1.0,35.0,1.0,1,1777.0,0.0,0.0,0.0
02150,21083,84144.0,0.46387062463210915,35.0,6.0,6,3513.8333333333335,0.0,0.0,0.0
02151,4009,64769.0,0.2073921971252566,35.0,1.0,1,4009.0,0.0,0.0,0.0
02302,3639,56806.0,0.4406224406224406,35.0,1.0,1,3639.0,0.0,0.0,0.0
02343,1986,41910.0,0.8113207547169812,35.0,1.0,1,1986.0,0.0,0.0,0.0
02346,4460,16712.0,0.9538554948391014,35.0,1.0,1,4460.0,0.0,0.0,0.0
02347,3357,28711.0,0.8472330475448169,35.0,1.0,1,3357.0,0.0,0.0,0.0
02351,2062,57446.0,0.4507042253521127,35.0,1.0,1,2062.0,0.0,0.0,0.0
02360,2385,38304.0,0.5387840670859538,35.0,1.0,1,2385.0,0.0,0.0,0.0
02445,2634,22463.0,0.8618538324420677,35.0,1.0,1,2634.0,0.0,0.0,0.0
02539,1866,50515.0,0.6176046176046176,35.0,1.0,1,1866.0,0.0,0.0,0.0
02576,5888,95926.0,0.0610720562390158,35.0,1.0,1,5888.0,0.0,0.0,0.0
02631,4473,48630.0,0.7133138969873664,35.0,1.0,1,4473.0,0.0,0.0,0.0
02703,6003,39828.0,0.4743661971830986,35.0,1.0,1,6003.0,0.0,0.0,0.0
02721,14522,72297.0,0.31694133806993086,35.0,5.0,5,2904.4,0.0,0.0,0.0
02724,10206,84946.0,0.2039859827183202,35.0,2.0,2,5103.0,0.0,0.0,0.0
02745,10953,69563.0,0.1122376926283307,35.0,2.0,2,5476.5,0.0,0.0,0.0
02760,3320,40565.0,0.778057372924006,35.0,1.0,1,3320.0,0.0,0.0,0.0
02762,3986,28877.0,0.942211055276382,35.0,1.0,1,3986.0,0.0,0.0,0.0
02767,1018,27583.0,0.7029972752043597,35.0,1.0,1,1018.0,0.0,0.0,0.0
02816,25607,76607.0,0.47163670594477897,35.0,5.0,5,5121.4,0.0,0.0,0.0
02818,6179,50243.0,0.6345015930814747,35.0,1.0,1,6179.0,0.0,0.0,0.0
02840,3749,105400.0,0.5447494033412887,35.0,1.0,1,3749.0,0.0,0.0,0.0
02881,2535,154044.0,0.3819241982507289,35.0,1.0,1,2535.0,0.0,0.0,0.0
02885,3771,51808.0,0.7328730748805098,35.0,1.0,1,3771.0,0.0,0.0,0.0
02914,7320,51835.5,0.7927555133857469,35.0,2.0,2,3660.0,0.0,0.0,0.0
03063,11075,59884.5,0.7448802995427792,35.0,2.0,2,5537.5,0.0,0.0,0.0
03820,3725,157623.0,0.64260214200714,35.0,1.0,1,3725.0,0.0,0.0,0.0
03823,3800,103948.0,0.5300113250283126,35.0,1.0,1,3800.0,0.0,0.0,0.0
03827,4310,128076.5,0.5300049840830895,35.0,2.0,2,2155.0,0.0,0.0,0.0
03901,3652,121026.0,0.5287298387096774,35.0,1.0,1,3652.0,0.0,0.0,0.0
04073,3052,55067.0,0.5692225772097976,35.0,1.0,1,3052.0,0.0,0.0,0.0
04210,3927,57029.0,0.6545562835020846,35.0,1.0,1,3927.0,0.0,0.0,0.0
04240,14705,67082.5,0.6006397083016446,35.0,2.0,2,7352.5,0.0,0.0,0.0
04401,11751,71804.0,0.7268033113093858,35.0,2.0,2,5875.5,0.0,0.0,0.0
04422,5936,24389.0,0.8307781313277408,35.0,1.0,1,5936.0,0.0,0.0,0.0
06002,7949,162299.5,0.5425635207006216,35.0,2.0,2,3974.5,0.0,0.0,0.0
06010,2921,49816.0,0.7221431958274064,35.0,1.0,1,2921.0,0.0,0.0,0.0
06030,3178,135272.0,0.399057344854674,35.0,1.0,1,3178.0,0.0,0.0,0.0
06031,7816,94589.0,0.6897462356948894,35.0,2.0,2,3908.0,0.0,0.0,0.0
06037,1903,230313.0,0.3423180592991914,35.0,1.0,1,1903.0,0.0,0.0,0.0
06039,3646,99212.0,0.7182677949228472,35.0,1.0,1,3646.0,0.0,0.0,0.0
06082,17493,79556.0,0.7490716287885454,35.0,3.0,3,5831.0,0.0,0.0,0.0
06238,2513,123929.0,0.6129310344827587,35.0,1.0,1,2513.0,0.0,0.0,0.0
06340,4019,108083.0,0.6573327005220693,35.0,1.0,1,4019.0,0.0,0.0,0.0
06410,3185,186757.0,0.4131121642969984,35.0,1.0,1,3185.0,0.0,0.0,0.0
06460,4691,159145.0,0.5221493853526781,35.0,3.0,3,1563.6666666666667,0.0,0.0,0.0
06489,2305,54300.0,0.875,35.0,1.0,1,2305.0,0.0,0.0,0.0
06516,2023,133000.0,0.6174496644295302,35.0,1.0,1,2023.0,0.0,0.0,0.0
06705,3077,218403.0,0.2173507462686567,35.0,1.0,1,3077.0,0.0,0.0,0.0
06716,2052,109479.0,0.6110471806674338,35.0,1.0,1,2052.0,0.0,0.0,0.0
06779,2821,140125.0,0.5537679932260796,35.0,1.0,1,2821.0,0.0,0.0,0.0
06824,8230,68925.5,0.6671240275766874,35.0,2.0,2,4115.0,0.0,0.0,0.0
07021,4365,49432.0,0.5716969317470256,35.0,1.0,1,4365.0,0.0,0.0,0.0
07031,4685,82526.0,0.5134434726271461,35.0,1.0,1,4685.0,0.0,0.0,0.0
07202,7678,56667.0,0.7021767094215329,35.0,3.0,3,2559.3333333333335,0.0,0.0,0.0
07205,6119,84766.0,0.5902800128741551,35.0,1.0,1,6119.0,0.0,0.0,0.0
07701,20623,145463.0,0.15401521970642298,35.0,4.0,4,5155.75,0.0,0.0,0.0
07711,11211,102292.0,0.11103605949685973,35.0,3.0,3,3737.0,0.0,0.0,0.0
07712,41940,97212.0,0.1972328953052468,35.0,9.0,9,4660.0,0.0,0.0,0.0
07716,6420,214779.0,0.0885625278148642,35.0,1.0,1,6420.0,0.0,0.0,0.0
07719,15497,158067.5,0.25393471851337895,35.0,4.0,4,3874.25,0.0,0.0,0.0
07724,13854,133456.0,0.1461458725383046,35.0,3.0,3,4618.0,0.0,0.0,0.0
07726,3226,76844.0,0.2275711159737418,35.0,1.0,1,3226.0,0.0,0.0,0.0
07728,11583,66238.5,0.2903554986706617,35.0,2.0,2,5791.5,0.0,0.0,0.0
07730,3717,163681.0,0.2212244897959183,35.0,1.0,1,3717.0,0.0,0.0,0.0
07731,9067,81872.0,0.2689489767139061,35.0,2.0,2,4533.5,0.0,0.0,0.0
07732,4836,135234.0,0.1410967344423906,35.0,1.0,1,4836.0,0.0,0.0,0.0
07733,17041,133224.0,0.2346188173699293,35.0,3.0,3,5680.333333333333,0.0,0.0,0.0
07739,4159,121167.0,0.1997690531177829,35.0,1.0,1,4159.0,0.0,0.0,0.0
07740,9733,118336.5,0.1756016705396753,35.0,2.0,2,4866.5,0.0,0.0,0.0
07747,9533,155716.0,0.05592558298610675,35.0,2.0,2,4766.5,0.0,0.0,0.0
07753,20430,93958.0,0.14434817564591695,35.0,5.0,5,4086.0,0.0,0.0,0.0
07762,3287,107000.0,0.4265463917525773,35.0,1.0,1,3287.0,0.0,0.0,0.0
08009,6860,35077.0,0.6425717644153907,35.0,2.0,2,3430.0,0.0,0.0,0.0
08012,3409,45283.0,0.8715244487056567,35.0,1.0,1,3409.0,0.0,0.0,0.0
08021,2072,32793.0,0.6196636481241915,35.0,1.0,1,2072.0,0.0,0.0,0.0
08030,1847,21701.0,0.7246376811594203,35.0,1.0,1,1847.0,0.0,0.0,0.0
08052,9635,83136.5,0.13126313237433326,35.0,2.0,2,4817.5,0.0,0.0,0.0
08054,6565,66979.0,0.2837944664031621,35.0,1.0,1,6565.0,0.0,0.0,0.0
08057,3656,87543.0,0.1351805205709488,35.0,1.0,1,3656.0,0.0,0.0,0.0
08063,1794,48469.0,0.4739130434782608,35.0,1.0,1,1794.0,0.0,0.0,0.0
08065,6888,80096.0,0.0902335456475583,35.0,1.0,1,6888.0,0.0,0.0,0.0
08101,1888,37480.0,0.6205128205128205,35.0,1.0,1,1888.0,0.0,0.0,0.0
08102,12503,62599.0,0.5631288797573304,35.0,3.0,3,4167.666666666667,0.0,0.0,0.0
08104,1995,-666666666.0,0.6361940298507462,35.0,1.0,1,1995.0,0.0,0.0,0.0
08105,3733,68526.0,0.6160337552742616,35.0,1.0,1,3733.0,0.0,0.0,0.0
08110,1521,86705.0,0.2790697674418604,35.0,1.0,1,1521.0,0.0,0.0,0.0
08205,2417,18750.0,0.8547528517110267,35.0,1.0,1,2417.0,0.0,0.0,0.0
08501,5442,138899.0,0.1361235270215359,35.0,1.0,1,5442.0,0.0,0.0,0.0
08742,9215,58444.0,0.3726318161724147,35.0,3.0,3,3071.6666666666665,0.0,0.0,0.0
08750,4857,48839.0,0.5470238095238096,35.0,1.0,1,4857.0,0.0,0.0,0.0
11021,2844,48915.0,0.7083775185577943,35.0,1.0,1,2844.0,0.0,0.0,0.0
11096,6319,88173.0,0.585624353749772,35.0,2.0,2,3159.5,0.0,0.0,0.0
11229,6053,180947.5,0.41217139733017444,35.0,2.0,2,3026.5,0.0,0.0,0.0
11235,3152,198333.0,0.4113029827315541,35.0,1.0,1,3152.0,0.0,0.0,0.0
11236,4914,84000.0,0.2401069518716577,35.0,1.0,1,4914.0,0.0,0.0,0.0
11355,4400,160461.0,0.0288397048960429,35.0,1.0,1,4400.0,0.0,0.0,0.0
11385,15887,151080.0,0.6180903456648392,35.0,5.0,5,3177.4,0.0,0.0,0.0
11413,6283,104052.0,0.6042060043614996,35.0,3.0,3,2094.3333333333335,0.0,0.0,0.0
11427,4895,58068.0,0.4029680365296804,35.0,1.0,1,4895.0,0.0,0.0,0.0
11557,6417,64855.5,0.6325837124107343,35.0,2.0,2,3208.5,0.0,0.0,0.0
11563,2541,45972.0,0.7456140350877193,35.0,1.0,1,2541.0,0.0,0.0,0.0
11714,3652,58438.0,0.5801335559265443,35.0,1.0,1,3652.0,0.0,0.0,0.0
11735,2739,99688.0,0.1387808041504539,35.0,1.0,1,2739.0,0.0,0.0,0.0
11743,8125,92328.5,0.3169285134135845,35.0,2.0,2,4062.5,0.0,0.0,0.0
11941,4896,56523.0,0.5221536735838475,35.0,1.0,1,4896.0,0.0,0.0,0.0
12035,3075,109583.0,0.1755102040816326,35.0,1.0,1,3075.0,0.0,0.0,0.0
12042,3236,112708.0,0.3841201716738197,35.0,1.0,1,3236.0,0.0,0.0,0.0
12043,3813,65192.0,0.4209790209790209,35.0,1.0,1,3813.0,0.0,0.0,0.0
12116,1672,69697.0,0.4202702702702702,35.0,1.0,1,1672.0,0.0,0.0,0.0
12524,4119,92639.0,0.2151799687010954,35.0,1.0,1,4119.0,0.0,0.0,0.0
12538,4583,93523.0,0.6374116772034214,35.0,1.0,1,4583.0,0.0,0.0,0.0
12601,17183,62917.0,0.654431067270663,35.0,5.0,5,3436.6,0.0,0.0,0.0
12914,2459,44792.0,0.2474690663667041,35.0,1.0,1,2459.0,0.0,0.0,0.0
13027,7965,58293.0,0.6588720770288858,35.0,1.0,1,7965.0,0.0,0.0,0.0
13033,6688,99624.0,0.5644090305444888,35.0,1.0,1,6688.0,0.0,0.0,0.0
13035,2266,69050.0,0.4009247027741083,35.0,1.0,1,2266.0,0.0,0.0,0.0
13613,1446,63947.0,0.2607913669064748,35.0,1.0,1,1446.0,0.0,0.0,0.0
13617,9253,40700.0,0.5491270082466335,35.0,3.0,3,3084.3333333333335,0.0,0.0,0.0
13621,1775,67135.0,0.2409152086137281,35.0,1.0,1,1775.0,0.0,0.0,0.0
13662,2944,63175.0,0.3100216294160057,35.0,1.0,1,2944.0,0.0,0.0,0.0
13669,2541,36480.0,0.8528557599225557,35.0,1.0,1,2541.0,0.0,0.0,0.0
13676,6137,60870.5,0.3022119948600949,35.0,2.0,2,3068.5,0.0,0.0,0.0
14527,7807,97467.0,0.2616090825534759,35.0,2.0,2,3903.5,0.0,0.0,0.0
15012,4404,85516.0,0.3066796684544124,35.0,1.0,1,4404.0,0.0,0.0,0.0
15068,10846,220469.0,0.059016920516129195,35.0,3.0,3,3615.3333333333335,0.0,0.0,0.0
15085,5024,99556.0,0.1586335985025737,35.0,1.0,1,5024.0,0.0,0.0,0.0
15202,7565,37122.0,0.8424277793988911,35.0,1.0,1,7565.0,0.0,0.0,0.0
15203,12132,92425.0,0.38278442854788836,35.0,4.0,4,3033.0,0.0,0.0,0.0
15210,4135,109991.0,0.42352038266580994,35.0,2.0,2,2067.5,0.0,0.0,0.0
15211,11940,59911.0,0.5577959955051588,35.0,2.0,2,5970.0,0.0,0.0,0.0
15212,1888,167292.0,0.4745762711864407,35.0,1.0,1,1888.0,0.0,0.0,0.0
15213,3520,86795.0,0.6794979079497908,35.0,1.0,1,3520.0,0.0,0.0,0.0
15217,12815,85175.5,0.6277567154368802,35.0,2.0,2,6407.5,0.0,0.0,0.0
15221,1744,77125.0,0.1042944785276073,35.0,1.0,1,1744.0,0.0,0.0,0.0
15225,1346,17182.0,0.8748241912798875,35.0,1.0,1,1346.0,0.0,0.0,0.0
15227,6070,68952.5,0.3295500989675279,35.0,2.0,2,3035.0,0.0,0.0,0.0
15601,48285,88485.5,0.22287685889029302,35.0,10.0,10,4828.5,0.0,0.0,0.0
15610,5283,56434.0,0.4961427193828351,35.0,1.0,1,5283.0,0.0,0.0,0.0
15626,8523,87592.5,0.2481029603070759,35.0,2.0,2,4261.5,0.0,0.0,0.0
15627,5806,84250.0,0.1520086862106406,35.0,1.0,1,5806.0,0.0,0.0,0.0
15658,4334,128254.0,0.039322033898305,35.0,1.0,1,4334.0,0.0,0.0,0.0
15664,4266,114593.0,0.0226460071513706,35.0,1.0,1,4266.0,0.0,0.0,0.0
15666,5524,84438.0,0.295320308950477,35.0,1.0,1,5524.0,0.0,0.0,0.0
16354,5776,96514.0,0.3379218472468916,35.0,1.0,1,5776.0,0.0,0.0,0.0
16701,6485,34643.0,0.827790724357516,35.0,3.0,3,2161.6666666666665,0.0,0.0,0.0
16724,2322,44375.0,0.76033934252386,35.0,1.0,1,2322.0,0.0,0.0,0.0
16743,2274,24785.0,0.703862660944206,35.0,1.0,1,2274.0,0.0,0.0,0.0
18974,5072,77288.0,0.5579984836997726,35.0,1.0,1,5072.0,0.0,0.0,0.0
19040,3408,70046.0,0.5569487983281086,35.0,1.0,1,3408.0,0.0,0.0,0.0
19460,3937,32766.0,0.488621997471555,35.0,1.0,1,3937.0,0.0,0.0,0.0
20706,26523,100506.0,0.40026158877937557,35.0,5.0,5,5304.6,0.0,0.0,0.0
20743,7492,67905.0,0.3620906801007557,35.0,1.0,1,7492.0,0.0,0.0,0.0
20746,4990,139904.0,0.0807899461400359,35.0,1.0,1,4990.0,0.0,0.0,0.0
20782,7800,128750.0,0.08313648246706945,35.0,2.0,2,3900.0,0.0,0.0,0.0
20783,7844,103373.0,0.2492529863094033,35.0,2.0,2,3922.0,0.0,0.0,0.0
20784,6865,170819.0,0.0496919917864476,35.0,1.0,1,6865.0,0.0,0.0,0.0
21201,2757,107137.0,0.345703125,35.0,1.0,1,2757.0,0.0,0.0,0.0
21209,2323,32285.0,0.7361380798274002,35.0,2.0,2,1161.5,0.0,0.0,0.0
21210,1384,32401.0,0.7379134860050891,35.0,1.0,1,1384.0,0.0,0.0,0.0
21211,4057,88939.0,0.2016491754122938,35.0,1.0,1,4057.0,0.0,0.0,0.0
21215,10115,81617.5,0.38612026427755136,35.0,2.0,2,5057.5,0.0,0.0,0.0
21216,17760,86290.0,0.4364476264923402,35.0,3.0,3,5920.0,0.0,0.0,0.0
21221,3461,51990.0,0.36435124508519,35.0,1.0,1,3461.0,0.0,0.0,0.0
21223,8196,70913.0,0.5777582214131356,35.0,2.0,2,4098.0,0.0,0.0,0.0
21225,3468,32264.0,0.8426395939086294,35.0,1.0,1,3468.0,0.0,0.0,0.0
21227,11170,38173.0,0.6576642647763046,35.0,5.0,5,2234.0,0.0,0.0,0.0
21230,1966,166458.0,0.3674475955610357,35.0,1.0,1,1966.0,0.0,0.0,0.0
21236,8139,46747.0,0.43229978513860207,35.0,3.0,3,2713.0,0.0,0.0,0.0
21237,2377,39730.0,0.4771622934888241,35.0,1.0,1,2377.0,0.0,0.0,0.0
21701,3844,56504.0,0.2767102229054573,35.0,1.0,1,3844.0,0.0,0.0,0.0
21702,2290,65300.0,0.6741154562383612,35.0,1.0,1,2290.0,0.0,0.0,0.0
22003,2763,31537.0,0.6658307210031348,35.0,1.0,1,2763.0,0.0,0.0,0.0
22031,6096,34355.0,0.7643492320129345,35.0,1.0,1,6096.0,0.0,0.0,0.0
22032,3542,50625.0,0.807660626029654,35.0,1.0,1,3542.0,0.0,0.0,0.0
22066,4811,59980.5,0.4818860508707191,35.0,2.0,2,2405.5,0.0,0.0,0.0
22101,2246,45855.0,0.4242728184553661,35.0,1.0,1,2246.0,0.0,0.0,0.0
22151,3882,28528.0,0.9010331702011964,35.0,1.0,1,3882.0,0.0,0.0,0.0
22180,6256,30570.5,0.6735099595393713,35.0,2.0,2,3128.0,0.0,0.0,0.0
22182,3682,68475.0,0.4809741248097412,35.0,1.0,1,3682.0,0.0,0.0,0.0
23011,6003,83086.0,0.1013850415512465,35.0,1.0,1,6003.0,0.0,0.0,0.0
23089,6124,74207.0,0.1139841688654353,35.0,1.0,1,6124.0,0.0,0.0,0.0
23315,1423,44414.0,0.7904411764705882,35.0,1.0,1,1423.0,0.0,0.0,0.0
23662,1698,47519.0,0.556998556998557,35.0,1.0,1,1698.0,0.0,0.0,0.0
23805,6876,66788.0,0.4945848375451263,35.0,1.0,1,6876.0,0.0,0.0,0.0
23834,7147,68672.5,0.23934076388085407,35.0,2.0,2,3573.5,0.0,0.0,0.0
24019,4581,94132.0,0.7098302408211606,35.0,1.0,1,4581.0,0.0,0.0,0.0
27239,4938,86805.0,0.6906721536351166,35.0,1.0,1,4938.0,0.0,0.0,0.0
30223,2024,158393.0,0.2414248021108179,35.0,1.0,1,2024.0,0.0,0.0,0.0
32003,2588,54143.0,0.6105207226354942,35.0,1.0,1,2588.0,0.0,0.0,0.0
32118,7865,153287.0,0.404294966275953,35.0,2.0,2,3932.5,0.0,0.0,0.0
34950,3651,-333320749.5,0.6674807802788195,35.0,2.0,2,1825.5,0.0,0.0,0.0
34952,1348,58803.0,0.5604770017035775,35.0,1.0,1,1348.0,0.0,0.0,0.0
34982,4025,25455.0,0.7482552342971087,35.0,1.0,1,4025.0,0.0,0.0,0.0
36036,2435,95833.0,0.835832083958021,35.0,1.0,1,2435.0,0.0,0.0,0.0
43903,1860,148450.0,0.0574162679425837,35.0,1.0,1,1860.0,0.0,0.0,0.0
43988,3135,118227.0,0.4012027491408935,35.0,1.0,1,3135.0,0.0,0.0,0.0
44021,4914,78287.0,0.6231727125067678,35.0,1.0,1,4914.0,0.0,0.0,0.0
44024,4633,63779.0,0.7228292121909143,35.0,1.0,1,4633.0,0.0,0.0,0.0
44107,6642,62180.0,0.4990117263816949,35.0,2.0,2,3321.0,0.0,0.0,0.0
44118,8562,82891.5,0.6296800834519326,35.0,2.0,2,4281.0,0.0,0.0,0.0
44201,2151,45663.0,0.5318302387267905,35.0,1.0,1,2151.0,0.0,0.0,0.0
44221,5171,87381.0,0.1362433862433862,35.0,1.0,1,5171.0,0.0,0.0,0.0
44224,6582,51626.5,0.28851459036921784,35.0,2.0,2,3291.0,0.0,0.0,0.0
44401,4588,145625.0,0.2383177570093458,35.0,1.0,1,4588.0,0.0,0.0,0.0
44406,11032,96212.0,0.3268089520816488,35.0,2.0,2,5516.0,0.0,0.0,0.0
44440,2981,88717.0,0.4059156702328508,35.0,1.0,1,2981.0,0.0,0.0,0.0
44449,3828,144821.0,0.2954856361149111,35.0,1.0,1,3828.0,0.0,0.0,0.0
44502,11328,63856.5,0.47715433265366325,35.0,2.0,2,5664.0,0.0,0.0,0.0
44505,8122,68380.0,0.3364075537988581,35.0,1.0,1,8122.0,0.0,0.0,0.0
44509,16303,87476.0,0.45965321926005903,35.0,3.0,3,5434.333333333333,0.0,0.0,0.0
44511,5043,116136.0,0.2176674364896074,35.0,1.0,1,5043.0,0.0,0.0,0.0
44609,4578,131042.0,0.2606023355869699,35.0,1.0,1,4578.0,0.0,0.0,0.0
44615,5930,114730.5,0.11242523397368234,35.0,2.0,2,2965.0,0.0,0.0,0.0
45144,4440,88983.0,0.3761006289308176,35.0,1.0,1,4440.0,0.0,0.0,0.0
45301,4362,102625.0,0.6183810103469264,35.0,1.0,1,4362.0,0.0,0.0,0.0
45303,6201,-666666666.0,0.411544227886057,35.0,1.0,1,6201.0,0.0,0.0,0.0
45312,1854,65833.0,0.6149870801033591,35.0,1.0,1,1854.0,0.0,0.0,0.0
45384,1639,157938.0,0.4544179523141655,35.0,1.0,1,1639.0,0.0,0.0,0.0
45385,1634,102102.0,0.6596931659693166,35.0,1.0,1,1634.0,0.0,0.0,0.0
45616,4225,54522.0,0.220814479638009,35.0,1.0,1,4225.0,0.0,0.0,0.0
46122,7278,68266.5,0.6784284166817115,35.0,2.0,2,3639.0,0.0,0.0,0.0
46163,4842,61958.0,0.5691542001207269,35.0,2.0,2,2421.0,0.0,0.0,0.0
46205,3526,54688.0,0.9156676312525835,35.0,1.0,1,3526.0,0.0,0.0,0.0
46208,4205,59907.0,0.8553672316384181,35.0,2.0,2,2102.5,0.0,0.0,0.0
46222,10567,53514.5,0.6974710708712762,35.0,4.0,4,2641.75,0.0,0.0,0.0
46250,8471,125175.0,0.5517456359102244,35.0,1.0,1,8471.0,0.0,0.0,0.0
48004,7211,92357.0,0.3816689466484268,35.0,1.0,1,7211.0,0.0,0.0,0.0
48023,4622,59966.0,0.3877266387726639,35.0,1.0,1,4622.0,0.0,0.0,0.0
48035,17319,173393.0,0.6152212430282947,35.0,5.0,5,3463.8,0.0,0.0,0.0
48036,2885,83307.0,0.6763421090672546,35.0,2.0,2,1442.5,0.0,0.0,0.0
48038,5478,97500.0,0.6428475323512011,35.0,2.0,2,2739.0,0.0,0.0,0.0
48047,5385,128243.0,0.6343656496748875,35.0,3.0,3,1795.0,0.0,0.0,0.0
48080,11394,27948.0,0.7753502784264416,35.0,2.0,2,5697.0,0.0,0.0,0.0
48111,4788,59364.0,0.7566413662239089,35.0,1.0,1,4788.0,0.0,0.0,0.0
48117,7191,96318.0,0.5814207650273224,35.0,1.0,1,7191.0,0.0,0.0,0.0
48131,9298,75878.0,0.6538647390343028,35.0,3.0,3,3099.3333333333335,0.0,0.0,0.0
48133,4348,201563.0,0.4146341463414634,35.0,1.0,1,4348.0,0.0,0.0,0.0
48140,2224,177500.0,0.3057620817843866,35.0,1.0,1,2224.0,0.0,0.0,0.0
48141,2084,-666666666.0,0.4007444168734491,35.0,1.0,1,2084.0,0.0,0.0,0.0
48144,18528,122605.0,0.586311255489184,35.0,4.0,4,4632.0,0.0,0.0,0.0
48145,3277,142500.0,0.5041724617524339,35.0,1.0,1,3277.0,0.0,0.0,0.0
48161,24997,125139.0,0.6026347404836958,35.0,7.0,7,3571.0,0.0,0.0,0.0
48162,17442,44653.0,0.5228618712000053,35.0,5.0,5,3488.4,0.0,0.0,0.0
48192,20876,59631.0,0.4556754708695398,35.0,5.0,5,4175.2,0.0,0.0,0.0
48237,10932,87166.5,0.2529065710692454,35.0,2.0,2,5466.0,0.0,0.0,0.0
48301,4453,100862.0,0.2597684515195369,35.0,1.0,1,4453.0,0.0,0.0,0.0
48306,6049,52404.0,0.5916919959473151,35.0,1.0,1,6049.0,0.0,0.0,0.0
48307,6331,60451.5,0.47085470532195184,35.0,2.0,2,3165.5,0.0,0.0,0.0
48310,12611,37237.0,0.5014372944747284,35.0,3.0,3,4203.666666666667,0.0,0.0,0.0
48312,7319,50125.0,0.49404101293569913,35.0,2.0,2,3659.5,0.0,0.0,0.0
48640,1312,24120.0,0.7268588770864947,35.0,1.0,1,1312.0,0.0,0.0,0.0
48708,1974,34443.5,0.7643874469057018,35.0,2.0,2,987.0,0.0,0.0,0.0
50122,2725,46250.0,0.3653355989804588,35.0,1.0,1,2725.0,0.0,0.0,0.0
50401,2303,35319.0,0.842391304347826,35.0,1.0,1,2303.0,0.0,0.0,0.0
50426,1372,46979.0,0.1531365313653136,35.0,1.0,1,1372.0,0.0,0.0,0.0
50441,1672,26638.0,0.9114927344782034,35.0,1.0,1,1672.0,0.0,0.0,0.0
50533,1474,39306.0,0.596745027124774,35.0,1.0,1,1474.0,0.0,0.0,0.0
53021,4798,68438.0,0.1761316872427983,35.0,1.0,1,4798.0,0.0,0.0,0.0
53092,1761,24628.0,0.7454242928452579,35.0,1.0,1,1761.0,0.0,0.0,0.0
53172,8421,85327.0,0.2514508370309354,35.0,2.0,2,4210.5,0.0,0.0,0.0
55910,1246,29906.0,0.3740875912408759,35.0,1.0,1,1246.0,0.0,0.0,0.0
55959,724,34459.0,0.6853932584269663,35.0,1.0,1,724.0,0.0,0.0,0.0
55987,4886,33791.5,0.48160856214136627,35.0,4.0,4,1221.5,0.0,0.0,0.0
56001,1970,68500.0,0.348159509202454,35.0,1.0,1,1970.0,0.0,0.0,0.0
56009,6284,68207.0,0.4233128834355828,35.0,1.0,1,6284.0,0.0,0.0,0.0
56152,4761,52880.0,0.3709428129829984,35.0,1.0,1,4761.0,0.0,0.0,0.0
56431,7001,88614.0,0.326463010673537,35.0,1.0,1,7001.0,0.0,0.0,0.0
60004,50861,104306.0,0.23221848152164873,35.0,11.0,11,4623.727272727273,0.0,0.0,0.0
60005,42476,75833.5,0.39353226475650943,35.0,8.0,8,5309.5,0.0,0.0,0.0
60007,29626,95509.5,0.23926065818404105,35.0,6.0,6,4937.666666666667,0.0,0.0,0.0
60008,32835,118693.0,0.3787494904942991,35.0,6.0,6,5472.5,0.0,0.0,0.0
60010,22887,185038.0,0.08594694834586894,35.0,4.0,4,5721.75,0.0,0.0,0.0
60016,46215,67317.0,0.35901619528238615,35.0,9.0,9,5135.0,0.0,0.0,0.0
60018,10359,77562.5,0.38168930428969106,35.0,2.0,2,5179.5,0.0,0.0,0.0
60025,9649,121681.5,0.12145030111131805,35.0,2.0,2,4824.5,0.0,0.0,0.0
60026,6308,134179.0,0.2257197696737044,35.0,1.0,1,6308.0,0.0,0.0,0.0
60053,18459,96798.0,0.17676119866219991,35.0,4.0,4,4614.75,0.0,0.0,0.0
60056,16650,120580.0,0.2594079007303542,35.0,3.0,3,5550.0,0.0,0.0,0.0
60062,13532,119075.0,0.2421903764735693,35.0,2.0,2,6766.0,0.0,0.0,0.0
60067,25596,90964.0,0.3262952626497857,35.0,6.0,6,4266.0,0.0,0.0,0.0
60068,21652,145250.0,0.16445815958488114,35.0,5.0,5,4330.4,0.0,0.0,0.0
60070,17331,72633.0,0.3871032919994198,35.0,4.0,4,4332.75,0.0,0.0,0.0
60074,10570,59911.5,0.5730592764024983,35.0,2.0,2,5285.0,0.0,0.0,0.0
60076,14587,91926.0,0.29000937086214634,35.0,3.0,3,4862.333333333333,0.0,0.0,0.0
60089,7116,91656.0,0.1509987250318742,35.0,2.0,2,3558.0,0.0,0.0,0.0
60090,9361,92685.0,0.2323741746751568,35.0,2.0,2,4680.5,0.0,0.0,0.0
60101,1209,32404.0,0.5346938775510204,35.0,1.0,1,1209.0,0.0,0.0,0.0
60103,34238,111190.0,0.21801233379369217,35.0,8.0,8,4279.75,0.0,0.0,0.0
60104,35226,74615.0,0.23134283640052603,35.0,7.0,7,5032.285714285715,0.0,0.0,0.0
60107,40900,87505.0,0.20265396728282203,35.0,8.0,8,5112.5,0.0,0.0,0.0
60120,24611,86802.0,0.27687053743954393,35.0,5.0,5,4922.2,0.0,0.0,0.0
60126,19925,40557.5,0.5788190320726224,35.0,6.0,6,3320.8333333333335,0.0,0.0,0.0
60130,17563,72481.0,0.4923524763623237,35.0,4.0,4,4390.75,0.0,0.0,0.0
60131,9007,66589.5,0.4042491052077055,35.0,2.0,2,4503.5,0.0,0.0,0.0
60133,23755,91875.0,0.2768680817364881,35.0,5.0,5,4751.0,0.0,0.0,0.0
60137,29025,77455.5,0.5716365825918278,35.0,6.0,6,4837.5,0.0,0.0,0.0
60141,9345,59664.5,0.486667885982852,35.0,2.0,2,4672.5,0.0,0.0,0.0
60148,4801,128778.0,0.5272597371773448,35.0,2.0,2,2400.5,0.0,0.0,0.0
60153,19915,63558.0,0.341220407319535,35.0,5.0,5,3983.0,0.0,0.0,0.0
60154,11144,105026.0,0.11734182285770824,35.0,3.0,3,3714.6666666666665,0.0,0.0,0.0
60155,8917,78470.0,0.31189683700393334,35.0,2.0,2,4458.5,0.0,0.0,0.0
60160,26651,69370.0,0.4180872488316629,35.0,6.0,6,4441.833333333333,0.0,0.0,0.0
60164,2810,56016.0,0.3882820258192651,35.0,1.0,1,2810.0,0.0,0.0,0.0
60168,8425,93586.0,0.4928021426180113,35.0,1.0,1,8425.0,0.0,0.0,0.0
60169,24212,101033.5,0.31846286035346605,35.0,6.0,6,4035.3333333333335,0.0,0.0,0.0
60173,5993,110833.0,0.3632305194805195,35.0,1.0,1,5993.0,0.0,0.0,0.0
60181,1564,46659.0,0.8128898128898129,35.0,1.0,1,1564.0,0.0,0.0,0.0
60187,3207,72616.0,0.3842498302783435,35.0,1.0,1,3207.0,0.0,0.0,0.0
60193,18257,97835.0,0.17068513309932923,35.0,4.0,4,4564.25,0.0,0.0,0.0
60194,5431,95590.0,0.3436334576451785,35.0,1.0,1,5431.0,0.0,0.0,0.0
60201,18734,74538.0,0.544303283834442,35.0,5.0,5,3746.8,0.0,0.0,0.0
60202,22554,118168.0,0.3754379375678663,35.0,6.0,6,3759.0,0.0,0.0,0.0
60302,2826,83783.0,0.5688291139240507,35.0,1.0,1,2826.0,0.0,0.0,0.0
60304,4729,122014.0,0.3475252794039383,35.0,1.0,1,4729.0,0.0,0.0,0.0
60402,69140,75429.0,0.3371899821977478,35.0,13.0,13,5318.461538461538,1.0,3.8,65.0
60406,37410,60970.0,0.39757938385923247,35.0,8.0,8,4676.25,0.0,0.0,0.0
60409,42775,60217.5,0.3562988652588044,35.0,10.0,10,4277.5,0.0,0.0,0.0
60411,81102,58244.0,0.3350580541270792,35.0,21.0,21,3862.0,0.0,0.0,0.0
60415,27273,66059.0,0.3311091517823396,35.0,5.0,5,5454.6,0.0,0.0,0.0
60418,25921,80860.0,0.21630827029710473,35.0,6.0,6,4320.166666666667,0.0,0.0,0.0
60419,32939,52639.0,0.2714485429776269,35.0,8.0,8,4117.375,0.0,0.0,0.0
60422,18175,96006.0,0.11135730923120178,35.0,3.0,3,6058.333333333333,0.0,0.0,0.0
60423,18797,94795.0,0.13215455217608968,35.0,4.0,4,4699.25,0.0,0.0,0.0
60425,3062,55375.0,0.1095406360424028,35.0,1.0,1,3062.0,0.0,0.0,0.0
60426,33104,43569.0,0.42705742088891596,35.0,11.0,11,3009.4545454545455,0.0,0.0,0.0
60428,28719,61511.0,0.26443243338437133,35.0,6.0,6,4786.5,0.0,0.0,0.0
60429,9629,64360.0,0.41857743183575913,35.0,3.0,3,3209.6666666666665,0.0,0.0,0.0
60438,23664,65190.0,0.3082212158175869,35.0,5.0,5,4732.8,0.0,0.0,0.0
60439,22528,126362.5,0.12486035980501788,35.0,4.0,4,5632.0,0.0,0.0,0.0
60443,14465,56836.0,0.42888605793765716,35.0,3.0,3,4821.666666666667,0.0,0.0,0.0
60445,10992,78075.5,0.3219417715425188,35.0,2.0,2,5496.0,0.0,0.0,0.0
60448,5332,103354.0,0.064343163538874,35.0,1.0,1,5332.0,0.0,0.0,0.0
60452,23898,88889.0,0.19454719901923648,35.0,5.0,5,4779.6,0.0,0.0,0.0
60453,42538,72368.0,0.18279821264085439,35.0,10.0,10,4253.8,0.0,0.0,0.0
60455,33752,64767.0,0.36501588162273474,35.0,6.0,6,5625.333333333333,0.0,0.0,0.0
60457,24225,79981.0,0.3667184230764845,35.0,5.0,5,4845.0,0.0,0.0,0.0
60458,5255,65922.0,0.2401084010840108,35.0,1.0,1,5255.0,0.0,0.0,0.0
60459,15864,81139.0,0.14101374285101828,35.0,3.0,3,5288.0,0.0,0.0,0.0
60461,3664,77589.0,0.1389937106918239,35.0,1.0,1,3664.0,0.0,0.0,0.0
60462,64421,107052.0,0.13479701050939766,35.0,13.0,13,4955.461538461538,0.0,0.0,0.0
60463,3281,113073.0,0.018596787827557,35.0,1.0,1,3281.0,0.0,0.0,0.0
60465,14419,69096.0,0.15951369702353016,35.0,3.0,3,4806.333333333333,0.0,0.0,0.0
60467,19223,106048.0,0.0502944162506067,35.0,4.0,4,4805.75,0.0,0.0,0.0
60473,5682,74744.0,0.1637017385104749,35.0,2.0,2,2841.0,0.0,0.0,0.0
60477,27272,92039.0,0.17587119171626125,35.0,5.0,5,5454.4,0.0,0.0,0.0
60478,9414,75290.0,0.198725689363697,35.0,2.0,2,4707.0,0.0,0.0,0.0
60480,3696,136694.0,0.0160796324655436,35.0,1.0,1,3696.0,0.0,0.0,0.0
60482,3771,67679.0,0.3711066931742876,35.0,1.0,1,3771.0,0.0,0.0,0.0
60487,5416,168194.0,0.0,35.0,1.0,1,5416.0,0.0,0.0,0.0
60501,6040,106375.0,0.1731107205623901,35.0,1.0,1,6040.0,0.0,0.0,0.0
60513,29487,92337.0,0.22239833631688471,35.0,7.0,7,4212.428571428572,0.0,0.0,0.0
60521,2161,250001.0,0.0931952662721893,35.0,1.0,1,2161.0,0.0,0.0,0.0
60523,4589,169015.0,0.1570855614973262,35.0,1.0,1,4589.0,0.0,0.0,0.0
60525,25298,140599.0,0.1493113665218019,35.0,6.0,6,4216.333333333333,0.0,0.0,0.0
60526,4683,103090.0,0.3475768629494528,35.0,1.0,1,4683.0,0.0,0.0,0.0
60534,13222,147813.0,0.26793760983163784,35.0,3.0,3,4407.333333333333,0.0,0.0,0.0
60546,5462,59338.0,0.2896844088553933,35.0,1.0,1,5462.0,0.0,0.0,0.0
60558,8418,212877.0,0.0348692403486924,35.0,2.0,2,4209.0,0.0,0.0,0.0
60601,25919,119616.0,0.6865828355748634,35.0,3.0,3,8639.666666666666,0.0,0.0,0.0
60605,10190,110306.0,0.7672667757774141,35.0,1.0,1,10190.0,0.0,0.0,0.0
60606,14479,135810.5,0.6954967321436504,35.0,2.0,2,7239.5,0.0,0.0,0.0
60607,13774,57055.0,0.6038987118951209,35.0,5.0,5,2754.8,0.0,0.0,0.0
60608,29345,78445.0,0.6377496147738808,35.0,10.0,10,2934.5,5.0,3.5799999999999996,81.0
60609,41077,41514.0,0.6771470758968017,35.0,17.0,17,2416.294117647059,2.0,3.75,47.0
60610,2483,112381.0,0.8833097595473833,35.0,1.0,1,2483.0,0.0,0.0,0.0
60611,8113,116729.0,0.5899404872738732,35.0,2.0,2,4056.5,0.0,0.0,0.0
60612,26397,48880.0,0.6835007229495651,35.0,13.0,13,2030.5384615384614,1.0,4.0,5.0
60613,2415,75500.0,0.8213350785340314,35.0,1.0,1,2415.0,0.0,0.0,0.0
60615,14290,64722.0,0.595798350549427,35.0,7.0,7,2041.4285714285713,0.0,0.0,0.0
60616,19322,48542.0,0.5993108484806415,35.0,7.0,7,2760.285714285714,0.0,0.0,0.0
60617,16812,40943.5,0.49896551081718604,35.0,4.0,4,4203.0,0.0,0.0,0.0
60618,5580,90296.0,0.5350806011822962,35.0,2.0,2,2790.0,3.0,4.0,43.0
60619,26514,44001.0,0.5278387200030703,35.0,10.0,10,2651.4,0.0,0.0,0.0
60620,23242,57422.0,0.5251007730424299,35.0,7.0,7,3320.285714285714,0.0,0.0,0.0
60621,22036,32583.0,0.7266204925693417,35.0,11.0,11,2003.2727272727273,0.0,0.0,0.0
60622,34949,104397.0,0.6084606303394396,35.0,11.0,11,3177.181818181818,4.0,2.8,40.0
60623,41969,35899.5,0.672962437755636,35.0,14.0,14,2997.785714285714,2.0,4.35,8.0
60624,1470,42171.0,0.6022727272727273,35.0,1.0,1,1470.0,1.0,4.8,4.0
60628,12150,47262.0,0.45398145857971556,35.0,3.0,3,4050.0,0.0,0.0,0.0
60629,86397,45197.5,0.4439119522598512,35.0,16.0,16,5399.8125,1.0,4.2,18.0
60630,5146,77908.0,0.4177631578947368,35.0,1.0,1,5146.0,2.0,3.7,65.0
60631,4718,73618.0,0.8480204342273308,35.0,1.0,1,4718.0,1.0,4.3,12.0
60632,18039,51920.0,0.4634252225690158,35.0,5.0,5,3607.8,2.0,4.1,25.0
60634,11982,81167.0,0.2898710528057224,35.0,3.0,3,3994.0,0.0,0.0,0.0
60636,20533,29117.5,0.5261851131229394,35.0,14.0,14,1466.642857142857,0.0,0.0,0.0
60637,4263,33768.0,0.6527196652719666,35.0,1.0,1,4263.0,0.0,0.0,0.0
60638,9587,90754.5,0.2616467658335301,35.0,2.0,2,4793.5,0.0,0.0,0.0
60639,52521,58533.5,0.5387688466200213,35.0,12.0,12,4376.75,3.0,3.9,36.0
60641,7708,84886.0,0.47871828672192257,35.0,2.0,2,3854.0,3.0,4.033333333333333,23.0
60642,7498,142571.5,0.6085580119882544,35.0,2.0,2,3749.0,2.0,3.55,121.0
60644,2893,51810.0,0.6078639744952179,35.0,1.0,1,2893.0,0.0,0.0,0.0
60647,30404,92590.0,0.61340691787891,35.0,12.0,12,2533.6666666666665,4.0,3.975,146.0
60649,9742,36867.0,0.6856169304558931,35.0,3.0,3,3247.3333333333335,0.0,0.0,0.0
60653,8327,30944.0,0.6881703366525319,35.0,3.0,3,2775.6666666666665,0.0,0.0,0.0
60655,6282,55948.0,0.3986587183308495,35.0,1.0,1,6282.0,0.0,0.0,0.0
60656,10678,72202.5,0.45311370417784436,35.0,2.0,2,5339.0,0.0,0.0,0.0
60657,7067,99483.0,0.6708938336392425,35.0,3.0,3,2355.6666666666665,3.0,3.9333333333333336,233.0
60706,4796,102955.0,0.2005050505050505,35.0,1.0,1,4796.0,0.0,0.0,0.0
60707,8627,56147.5,0.538581858951571,35.0,2.0,2,4313.5,0.0,0.0,0.0
60714,9525,104385.5,0.1377690664806163,35.0,2.0,2,4762.5,0.0,0.0,0.0
60803,4255,80500.0,0.2950423216444982,35.0,1.0,1,4255.0,0.0,0.0,0.0
60804,18104,62481.0,0.4093510363032348,35.0,3.0,3,6034.666666666667,0.0,0.0,0.0
60805,10661,94101.5,0.1323423693920125,35.0,2.0,2,5330.5,0.0,0.0,0.0
60827,7112,49662.0,0.5175808277404139,35.0,2.0,2,3556.0,0.0,0.0,0.0
